[
  {"city": "Berlin", "country": "Germany", "region": "Europe", "mode": "city", "priority": "alta", "searchIntent": "cost of living in berlin 2026", "notes": ""},
  {"city": "Toronto", "country": "Canada", "region": "North America", "mode": "city", "priority": "alta", "searchIntent": "cost of living in toronto 2026", "notes": ""},
  {"city": "Sydney", "country": "Australia", "region": "Oceania", "mode": "city", "priority": "alta", "searchIntent": "cost of living in sydney 2026", "notes": ""},
  {"city": "Amsterdam", "country": "Netherlands", "region": "Europe", "mode": "city", "priority": "alta", "searchIntent": "cost of living in amsterdam 2026", "notes": ""},
  {"city": "Dublin", "country": "Ireland", "region": "Europe", "mode": "city", "priority": "alta", "searchIntent": "cost of living in dublin 2026", "notes": ""},
  {"city": "Barcelona", "country": "Spain", "region": "Europe", "mode": "city", "priority": "alta", "searchIntent": "cost of living in barcelona 2026", "notes": ""},
  {"city": "Munich", "country": "Germany", "region": "Europe", "mode": "city", "priority": "alta", "searchIntent": "cost of living in munich 2026", "notes": ""},
  {"city": "Vienna", "country": "Austria", "region": "Europe", "mode": "city", "priority": "alta", "searchIntent": "cost of living in vienna 2026", "notes": ""},
  {"city": "Copenhagen", "country": "Denmark", "region": "Europe", "mode": "city", "priority": "alta", "searchIntent": "cost of living in copenhagen 2026", "notes": ""},
  {"city": "Singapore", "country": "Singapore", "region": "Asia", "mode": "city", "priority": "alta", "searchIntent": "cost of living in singapore 2026", "notes": ""},
  {"city": "Dubai", "country": "UAE", "region": "Middle East", "mode": "city", "priority": "alta", "searchIntent": "cost of living in dubai 2026", "notes": ""},
  {"city": "Tokyo", "country": "Japan", "region": "Asia", "mode": "city", "priority": "alta", "searchIntent": "cost of living in tokyo 2026", "notes": ""},
  {"city": "Melbourne", "country": "Australia", "region": "Oceania", "mode": "city", "priority": "alta", "searchIntent": "cost of living in melbourne 2026", "notes": ""},
  {"city": "Vancouver", "country": "Canada", "region": "North America", "mode": "city", "priority": "alta", "searchIntent": "cost of living in vancouver 2026", "notes": ""},
  {"city": "Zurich", "country": "Switzerland", "region": "Europe", "mode": "city", "priority": "alta", "searchIntent": "cost of living in zurich 2026", "notes": ""},
  {"city": "Stockholm", "country": "Sweden", "region": "Europe", "mode": "city", "priority": "alta", "searchIntent": "cost of living in stockholm 2026", "notes": ""},
  {"city": "Prague", "country": "Czech Republic", "region": "Europe", "mode": "city", "priority": "alta", "searchIntent": "cost of living in prague 2026", "notes": ""},
  {"city": "Bangkok", "country": "Thailand", "region": "Asia", "mode": "city", "priority": "alta", "searchIntent": "cost of living in bangkok 2026", "notes": ""},
  {"city": "Los Angeles", "country": "United States", "region": "North America", "mode": "city", "priority": "alta", "searchIntent": "cost of living in los angeles 2026", "notes": ""},
  {"city": "San Francisco", "country": "United States", "region": "North America", "mode": "city", "priority": "alta", "searchIntent": "cost of living in san francisco 2026", "notes": ""},
  {"city": "Brussels", "country": "Belgium", "region": "Europe", "mode": "city", "priority": "media", "searchIntent": "cost of living in brussels 2026", "notes": ""},
  {"city": "Edinburgh", "country": "UK", "region": "Europe", "mode": "city", "priority": "media", "searchIntent": "cost of living in edinburgh 2026", "notes": ""},
  {"city": "Manchester", "country": "UK", "region": "Europe", "mode": "city", "priority": "media", "searchIntent": "cost of living in manchester 2026", "notes": ""},
  {"city": "Warsaw", "country": "Poland", "region": "Europe", "mode": "city", "priority": "media", "searchIntent": "cost of living in warsaw 2026", "notes": ""},
  {"city": "Budapest", "country": "Hungary", "region": "Europe", "mode": "city", "priority": "media", "searchIntent": "cost of living in budapest 2026", "notes": ""},
  {"city": "Athens", "country": "Greece", "region": "Europe", "mode": "city", "priority": "media", "searchIntent": "cost of living in athens 2026", "notes": ""},
  {"city": "Helsinki", "country": "Finland", "region": "Europe", "mode": "city", "priority": "media", "searchIntent": "cost of living in helsinki 2026", "notes": ""},
  {"city": "Oslo", "country": "Norway", "region": "Europe", "mode": "city", "priority": "media", "searchIntent": "cost of living in oslo 2026", "notes": ""},
  {"city": "Florence", "country": "Italy", "region": "Europe", "mode": "city", "priority": "media", "searchIntent": "cost of living in florence 2026", "notes": ""},
  {"city": "Naples", "country": "Italy", "region": "Europe", "mode": "city", "priority": "media", "searchIntent": "cost of living in naples 2026", "notes": ""},
  {"city": "Bologna", "country": "Italy", "region": "Europe", "mode": "city", "priority": "media", "searchIntent": "cost of living in bologna 2026", "notes": ""},
  {"city": "Seville", "country": "Spain", "region": "Europe", "mode": "city", "priority": "media", "searchIntent": "cost of living in seville 2026", "notes": ""},
  {"city": "Valencia", "country": "Spain", "region": "Europe", "mode": "city", "priority": "media", "searchIntent": "cost of living in valencia 2026", "notes": ""},
  {"city": "Porto", "country": "Portugal", "region": "Europe", "mode": "city", "priority": "media", "searchIntent": "cost of living in porto 2026", "notes": ""},
  {"city": "Bucharest", "country": "Romania", "region": "Europe", "mode": "city", "priority": "media", "searchIntent": "cost of living in bucharest 2026", "notes": ""},
  {"city": "Krakow", "country": "Poland", "region": "Europe", "mode": "city", "priority": "media", "searchIntent": "cost of living in krakow 2026", "notes": ""},
  {"city": "Montreal", "country": "Canada", "region": "North America", "mode": "city", "priority": "media", "searchIntent": "cost of living in montreal 2026", "notes": ""},
  {"city": "Chicago", "country": "United States", "region": "North America", "mode": "city", "priority": "media", "searchIntent": "cost of living in chicago 2026", "notes": ""},
  {"city": "Austin", "country": "United States", "region": "North America", "mode": "city", "priority": "media", "searchIntent": "cost of living in austin 2026", "notes": ""},
  {"city": "Miami", "country": "United States", "region": "North America", "mode": "city", "priority": "media", "searchIntent": "cost of living in miami 2026", "notes": ""},
  {"city": "Denver", "country": "United States", "region": "North America", "mode": "city", "priority": "media", "searchIntent": "cost of living in denver 2026", "notes": ""},
  {"city": "Seattle", "country": "United States", "region": "North America", "mode": "city", "priority": "media", "searchIntent": "cost of living in seattle 2026", "notes": ""},
  {"city": "Bali", "country": "Indonesia", "region": "Asia", "mode": "city", "priority": "media", "searchIntent": "cost of living in bali 2026", "notes": "Digital nomad hub"},
  {"city": "Ho Chi Minh City", "country": "Vietnam", "region": "Asia", "mode": "city", "priority": "media", "searchIntent": "cost of living in ho chi minh city 2026", "notes": ""},
  {"city": "Kuala Lumpur", "country": "Malaysia", "region": "Asia", "mode": "city", "priority": "media", "searchIntent": "cost of living in kuala lumpur 2026", "notes": ""},
  {"city": "Seoul", "country": "South Korea", "region": "Asia", "mode": "city", "priority": "media", "searchIntent": "cost of living in seoul 2026", "notes": ""},
  {"city": "Taipei", "country": "Taiwan", "region": "Asia", "mode": "city", "priority": "media", "searchIntent": "cost of living in taipei 2026", "notes": ""},
  {"city": "Abu Dhabi", "country": "UAE", "region": "Middle East", "mode": "city", "priority": "media", "searchIntent": "cost of living in abu dhabi 2026", "notes": ""},
  {"city": "Tel Aviv", "country": "Israel", "region": "Middle East", "mode": "city", "priority": "media", "searchIntent": "cost of living in tel aviv 2026", "notes": ""},
  {"city": "Cape Town", "country": "South Africa", "region": "Africa", "mode": "city", "priority": "media", "searchIntent": "cost of living in cape town 2026", "notes": ""},
  {"city": "Buenos Aires", "country": "Argentina", "region": "South America", "mode": "city", "priority": "media", "searchIntent": "cost of living in buenos aires 2026", "notes": ""},
  {"city": "Mexico City", "country": "Mexico", "region": "North America", "mode": "city", "priority": "media", "searchIntent": "cost of living in mexico city 2026", "notes": "Digital nomad hub"},
  {"city": "Medellin", "country": "Colombia", "region": "South America", "mode": "city", "priority": "media", "searchIntent": "cost of living in medellin 2026", "notes": "Digital nomad hub"},
  {"city": "Lima", "country": "Peru", "region": "South America", "mode": "city", "priority": "media", "searchIntent": "cost of living in lima 2026", "notes": ""},
  {"city": "Santiago", "country": "Chile", "region": "South America", "mode": "city", "priority": "media", "searchIntent": "cost of living in santiago 2026", "notes": ""},
  {"city": "Nice", "country": "France", "region": "Europe", "mode": "city", "priority": "bassa", "searchIntent": "cost of living in nice 2026", "notes": ""},
  {"city": "Lyon", "country": "France", "region": "Europe", "mode": "city", "priority": "bassa", "searchIntent": "cost of living in lyon 2026", "notes": ""},
  {"city": "Marseille", "country": "France", "region": "Europe", "mode": "city", "priority": "bassa", "searchIntent": "cost of living in marseille 2026", "notes": ""},
  {"city": "Hamburg", "country": "Germany", "region": "Europe", "mode": "city", "priority": "bassa", "searchIntent": "cost of living in hamburg 2026", "notes": ""},
  {"city": "Frankfurt", "country": "Germany", "region": "Europe", "mode": "city", "priority": "bassa", "searchIntent": "cost of living in frankfurt 2026", "notes": ""},
  {"city": "Tallinn", "country": "Estonia", "region": "Europe", "mode": "city", "priority": "bassa", "searchIntent": "cost of living in tallinn 2026", "notes": "Digital nomad visa"},
  {"city": "Riga", "country": "Latvia", "region": "Europe", "mode": "city", "priority": "bassa", "searchIntent": "cost of living in riga 2026", "notes": ""},
  {"city": "Sofia", "country": "Bulgaria", "region": "Europe", "mode": "city", "priority": "bassa", "searchIntent": "cost of living in sofia 2026", "notes": ""},
  {"city": "Zagreb", "country": "Croatia", "region": "Europe", "mode": "city", "priority": "bassa", "searchIntent": "cost of living in zagreb 2026", "notes": ""},
  {"city": "Split", "country": "Croatia", "region": "Europe", "mode": "city", "priority": "bassa", "searchIntent": "cost of living in split 2026", "notes": "Digital nomad visa"},
  {"city": "Tbilisi", "country": "Georgia", "region": "Europe", "mode": "city", "priority": "bassa", "searchIntent": "cost of living in tbilisi 2026", "notes": "Popular expat destination"},
  {"city": "Tenerife", "country": "Spain", "region": "Europe", "mode": "city", "priority": "bassa", "searchIntent": "cost of living in tenerife 2026", "notes": "Digital nomad island"},
  {"city": "Alicante", "country": "Spain", "region": "Europe", "mode": "city", "priority": "bassa", "searchIntent": "cost of living in alicante 2026", "notes": "British expat hub"},
  {"city": "Palermo", "country": "Italy", "region": "Europe", "mode": "city", "priority": "bassa", "searchIntent": "cost of living in palermo 2026", "notes": ""},
  {"city": "Turin", "country": "Italy", "region": "Europe", "mode": "city", "priority": "bassa", "searchIntent": "cost of living in turin 2026", "notes": ""},
  {"city": "Perth", "country": "Australia", "region": "Oceania", "mode": "city", "priority": "bassa", "searchIntent": "cost of living in perth 2026", "notes": ""},
  {"city": "Auckland", "country": "New Zealand", "region": "Oceania", "mode": "city", "priority": "bassa", "searchIntent": "cost of living in auckland 2026", "notes": ""},
  {"city": "Chiang Mai", "country": "Thailand", "region": "Asia", "mode": "city", "priority": "bassa", "searchIntent": "cost of living in chiang mai 2026", "notes": "Digital nomad hub"},
  {"city": "Hong Kong", "country": "China", "region": "Asia", "mode": "city", "priority": "bassa", "searchIntent": "cost of living in hong kong 2026", "notes": ""},
  {"city": "Osaka", "country": "Japan", "region": "Asia", "mode": "city", "priority": "bassa", "searchIntent": "cost of living in osaka 2026", "notes": ""},
  {"city": "Mumbai", "country": "India", "region": "Asia", "mode": "city", "priority": "bassa", "searchIntent": "cost of living in mumbai 2026", "notes": ""},
  {"city": "Nairobi", "country": "Kenya", "region": "Africa", "mode": "city", "priority": "bassa", "searchIntent": "cost of living in nairobi 2026", "notes": ""},
  {"city": "Bogota", "country": "Colombia", "region": "South America", "mode": "city", "priority": "bassa", "searchIntent": "cost of living in bogota 2026", "notes": ""},
  {"city": "Sao Paulo", "country": "Brazil", "region": "South America", "mode": "city", "priority": "bassa", "searchIntent": "cost of living in sao paulo 2026", "notes": ""},
  {"city": "Birmingham", "country": "UK", "region": "Europe", "mode": "city", "priority": "bassa", "searchIntent": "cost of living in birmingham uk 2026", "notes": ""},
  {"city": "Bristol", "country": "UK", "region": "Europe", "mode": "city", "priority": "bassa", "searchIntent": "cost of living in bristol 2026", "notes": ""},
  {"city": "Leeds", "country": "UK", "region": "Europe", "mode": "city", "priority": "bassa", "searchIntent": "cost of living in leeds 2026", "notes": ""},
  {"city": "Glasgow", "country": "UK", "region": "Europe", "mode": "city", "priority": "bassa", "searchIntent": "cost of living in glasgow 2026", "notes": ""},
  {"city": "London vs Manchester", "country": "UK/UK", "region": "Europe", "mode": "comparison", "priority": "alta", "searchIntent": "london vs manchester cost of living", "notes": ""},
  {"city": "Berlin vs Munich", "country": "Germany/Germany", "region": "Europe", "mode": "comparison", "priority": "alta", "searchIntent": "berlin vs munich cost of living", "notes": ""},
  {"city": "New York vs Chicago", "country": "United States/United States", "region": "North America", "mode": "comparison", "priority": "alta", "searchIntent": "new york vs chicago cost of living", "notes": ""},
  {"city": "London vs Paris", "country": "UK/France", "region": "Europe", "mode": "comparison", "priority": "alta", "searchIntent": "london vs paris cost of living", "notes": ""},
  {"city": "Barcelona vs Madrid", "country": "Spain/Spain", "region": "Europe", "mode": "comparison", "priority": "alta", "searchIntent": "barcelona vs madrid cost of living", "notes": ""},
  {"city": "Sydney vs Melbourne", "country": "Australia/Australia", "region": "Oceania", "mode": "comparison", "priority": "alta", "searchIntent": "sydney vs melbourne cost of living", "notes": ""},
  {"city": "Toronto vs Vancouver", "country": "Canada/Canada", "region": "North America", "mode": "comparison", "priority": "alta", "searchIntent": "toronto vs vancouver cost of living", "notes": ""},
  {"city": "Amsterdam vs Berlin", "country": "Netherlands/Germany", "region": "Europe", "mode": "comparison", "priority": "media", "searchIntent": "amsterdam vs berlin cost of living", "notes": ""},
  {"city": "Dubai vs Singapore", "country": "UAE/Singapore", "region": "Asia/Middle East", "mode": "comparison", "priority": "media", "searchIntent": "dubai vs singapore cost of living", "notes": ""},
  {"city": "Lisbon vs Porto", "country": "Portugal/Portugal", "region": "Europe", "mode": "comparison", "priority": "media", "searchIntent": "lisbon vs porto cost of living", "notes": ""},
  {"city": "Rome vs Milan", "country": "Italy/Italy", "region": "Europe", "mode": "comparison", "priority": "media", "searchIntent": "rome vs milan cost of living", "notes": ""},
  {"city": "Los Angeles vs San Francisco", "country": "United States/United States", "region": "North America", "mode": "comparison", "priority": "media", "searchIntent": "la vs sf cost of living", "notes": ""},
  {"city": "London", "country": "UK", "region": "Europe", "mode": "budget", "priority": "alta", "searchIntent": "how to live cheaply in london", "notes": ""},
  {"city": "New York City", "country": "United States", "region": "North America", "mode": "budget", "priority": "alta", "searchIntent": "budget living in new york", "notes": ""},
  {"city": "Paris", "country": "France", "region": "Europe", "mode": "budget", "priority": "alta", "searchIntent": "budget living in paris", "notes": ""},
  {"city": "Tokyo", "country": "Japan", "region": "Asia", "mode": "budget", "priority": "media", "searchIntent": "budget living in tokyo", "notes": ""},
  {"city": "Dubai", "country": "UAE", "region": "Middle East", "mode": "budget", "priority": "media", "searchIntent": "budget living in dubai", "notes": ""},
  {"city": "Singapore", "country": "Singapore", "region": "Asia", "mode": "budget", "priority": "media", "searchIntent": "budget living in singapore", "notes": ""}
]
